Year,StateAbbr,StateDesc,LocationName,DataSource,Category,Measure,Data_Value_Unit,Data_Value_Type,Data_Value,Data_Value_Footnote_Symbol,Data_Value_Footnote,Low_Confidence_Limit,High_Confidence_Limit,TotalPopulation,TotalPop18plus,LocationID,CategoryID,MeasureId,DataValueTypeID,Short_Question_Text,Geolocation
Column1,Column2,Column3,Column4,Column5,Column6,Column7,Column8,Column9,Column10,Column11,Column12,Column13,Column14,Column15,Column16,Column17,Column18,Column19,Column20,Column21,Column22
2023,NC,North Carolina,Cleveland,BRFSS,Health Risk Behaviors,No leisure-time physical activity among adults,%,Age-adjusted prevalence,26.2,,,21.5,31.5,"101,378","78,793",37045,RISKBEH,LPA,AgeAdjPrv,Physical Inactivity,POINT (-81.5554731480207 35.3336676514711)
2023,NC,North Carolina,Burke,BRFSS,Health Risk Behaviors,No leisure-time physical activity among adults,%,Age-adjusted prevalence,26.7,,,22.2,31.5,"88,338","72,201",37023,RISKBEH,LPA,AgeAdjPrv,Physical Inactivity,POINT (-81.70486114808 35.7494843806822)
2023,NC,North Carolina,Alamance,BRFSS,Health Risk Behaviors,No leisure-time physical activity among adults,%,Age-adjusted prevalence,23.7,,,19.3,28.3,"179,165","139,859",37001,RISKBEH,LPA,AgeAdjPrv,Physical Inactivity,POINT (-79.3994760246283 36.0436739846115)
2023,NC,North Carolina,Beaufort,BRFSS,Health Risk Behaviors,No leisure-time physical activity among adults,%,Age-adjusted prevalence,26,,,21.4,31,"44,481","35,939",37013,RISKBEH,LPA,AgeAdjPrv,Physical Inactivity,POINT (-76.8589373781447 35.4941226525086)
2023,NC,North Carolina,Caldwell,BRFSS,Health Risk Behaviors,No leisure-time physical activity among adults,%,Age-adjusted prevalence,25.5,,,20.4,30.9,"80,574","64,820",37027,RISKBEH,LPA,AgeAdjPrv,Physical Inactivity,POINT (-81.5466545637271 35.9530956685159)
2023,NC,North Carolina,Anson,BRFSS,Health Risk Behaviors,No leisure-time physical activity among adults,%,Age-adjusted prevalence,31.7,,,26.7,37,"21,897","17,493",37007,RISKBEH,LPA,AgeAdjPrv,Physical Inactivity,POINT (-80.1026872705448 34.9736529585894)
2023,NC,North Carolina,Buncombe,BRFSS,Health Risk Behaviors,No leisure-time physical activity among adults,%,Age-adjusted prevalence,19.2,,,15.4,23.5,"275,901","227,608",37021,RISKBEH,LPA,AgeAdjPrv,Physical Inactivity,POINT (-82.530385679713 35.6109780509856)
2023,NC,North Carolina,Catawba,BRFSS,Health Risk Behaviors,No leisure-time physical activity among adults,%,Age-adjusted prevalence,23.2,,,18.7,27.9,"164,645","129,398",37035,RISKBEH,LPA,AgeAdjPrv,Physical Inactivity,POINT (-81.2149250535504 35.6622179779733)
2023,NC,North Carolina,Bladen,BRFSS,Health Risk Behaviors,No leisure-time physical activity among adults,%,Age-adjusted prevalence,29.1,,,24.4,34.3,"29,484","23,400",37017,RISKBEH,LPA,AgeAdjPrv,Physical Inactivity,POINT (-78.5631528118713 34.6142975484762)
2023,NC,North Carolina,Currituck,BRFSS,Health Risk Behaviors,No leisure-time physical activity among adults,%,Age-adjusted prevalence,20.4,,,16.1,25.2,"31,593","24,619",37053,RISKBEH,LPA,AgeAdjPrv,Physical Inactivity,POINT (-76.0039069482098 36.4032422089498)
2023,NC,North Carolina,Davidson,BRFSS,Health Risk Behaviors,No leisure-time physical activity among adults,%,Age-adjusted prevalence,25.1,,,20.4,29.8,"174,804","137,346",37057,RISKBEH,LPA,AgeAdjPrv,Physical Inactivity,POINT (-80.2126241733172 35.79334763177)
2023,NC,North Carolina,Alexander,BRFSS,Health Risk Behaviors,No leisure-time physical activity among adults,%,Age-adjusted prevalence,24.7,,,20.3,29.9,"36,473","29,341",37003,RISKBEH,LPA,AgeAdjPrv,Physical Inactivity,POINT (-81.1770332718611 35.9204725331462)
2023,NC,North Carolina,Craven,BRFSS,Health Risk Behaviors,No leisure-time physical activity among adults,%,Age-adjusted prevalence,23.6,,,19.4,28.2,"102,391","80,675",37049,RISKBEH,LPA,AgeAdjPrv,Physical Inactivity,POINT (-77.0916632156451 35.1237779325124)
2023,NC,North Carolina,Avery,BRFSS,Health Risk Behaviors,No leisure-time physical activity among adults,%,Age-adjusted prevalence,23.8,,,19.1,28.9,"17,561","15,011",37011,RISKBEH,LPA,AgeAdjPrv,Physical Inactivity,POINT (-81.9225713884377 36.0766997215744)
2023,NC,North Carolina,Ashe,BRFSS,Health Risk Behaviors,No leisure-time physical activity among adults,%,Age-adjusted prevalence,23.8,,,19.4,29,"27,063","22,627",37009,RISKBEH,LPA,AgeAdjPrv,Physical Inactivity,POINT (-81.5005505989795 36.4341479679829)
2023,NC,North Carolina,Alleghany,BRFSS,Health Risk Behaviors,No leisure-time physical activity among adults,%,Age-adjusted prevalence,26.8,,,21.8,32.9,"11,342","9,426",37005,RISKBEH,LPA,AgeAdjPrv,Physical Inactivity,POINT (-81.1272787621881 36.4916227409052)
2023,NC,North Carolina,Carteret,BRFSS,Health Risk Behaviors,No leisure-time physical activity among adults,%,Age-adjusted prevalence,19.9,,,15.9,24.5,"69,615","58,070",37031,RISKBEH,LPA,AgeAdjPrv,Physical Inactivity,POINT (-76.6542732540305 34.8273639547444)
2023,NC,North Carolina,Bertie,BRFSS,Health Risk Behaviors,No leisure-time physical activity among adults,%,Age-adjusted prevalence,31.8,,,26.2,38.1,"16,922","14,112",37015,RISKBEH,LPA,AgeAdjPrv,Physical Inactivity,POINT (-76.9765261847155 36.066157443707)
2023,NC,North Carolina,Chowan,BRFSS,Health Risk Behaviors,No leisure-time physical activity among adults,%,Age-adjusted prevalence,27.7,,,22.5,32.9,"13,891","11,123",37041,RISKBEH,LPA,AgeAdjPrv,Physical Inactivity,POINT (-76.6081998621462 36.1488065523219)
2023,NC,North Carolina,Cumberland,BRFSS,Health Risk Behaviors,No leisure-time physical activity among adults,%,Age-adjusted prevalence,25.9,,,21.7,30.4,"337,890","252,626",37051,RISKBEH,LPA,AgeAdjPrv,Physical Inactivity,POINT (-78.8276708613151 35.0486561560424)
2023,NC,North Carolina,Chatham,BRFSS,Health Risk Behaviors,No leisure-time physical activity among adults,%,Age-adjusted prevalence,20.4,,,16.5,24.8,"81,624","66,141",37037,RISKBEH,LPA,AgeAdjPrv,Physical Inactivity,POINT (-79.2552206168112 35.7026752604208)
2023,NC,North Carolina,Cherokee,BRFSS,Health Risk Behaviors,No leisure-time physical activity among adults,%,Age-adjusted prevalence,23.9,,,19.1,29.1,"29,959","25,195",37039,RISKBEH,LPA,AgeAdjPrv,Physical Inactivity,POINT (-84.0637476312268 35.1337276354312)
2023,NC,North Carolina,Brunswick,BRFSS,Health Risk Behaviors,No leisure-time physical activity among adults,%,Age-adjusted prevalence,19.9,,,15.9,24.5,"159,964","137,936",37019,RISKBEH,LPA,AgeAdjPrv,Physical Inactivity,POINT (-78.2376597098153 34.0703788434431)
2023,NC,North Carolina,Clay,BRFSS,Health Risk Behaviors,No leisure-time physical activity among adults,%,Age-adjusted prevalence,22.2,,,17.4,27,"11,864","10,069",37043,RISKBEH,LPA,AgeAdjPrv,Physical Inactivity,POINT (-83.7497979844905 35.0571247338988)
2023,NC,North Carolina,Camden,BRFSS,Health Risk Behaviors,No leisure-time physical activity among adults,%,Age-adjusted prevalence,20.1,,,17.3,23,"11,137","8,653",37029,RISKBEH,LPA,AgeAdjPrv,Physical Inactivity,POINT (-76.2049603642896 36.3863407828493)
2023,NC,North Carolina,Cabarrus,BRFSS,Health Risk Behaviors,No leisure-time physical activity among adults,%,Age-adjusted prevalence,21.3,,,17.5,25.8,"240,016","180,188",37025,RISKBEH,LPA,AgeAdjPrv,Physical Inactivity,POINT (-80.5518327021882 35.3869793087838)
2023,NC,North Carolina,Dare,BRFSS,Health Risk Behaviors,No leisure-time physical activity among adults,%,Age-adjusted prevalence,18.4,,,14.6,22.6,"38,110","31,485",37055,RISKBEH,LPA,AgeAdjPrv,Physical Inactivity,POINT (-75.7824832328063 35.7631926889993)
2023,NC,North Carolina,Columbus,BRFSS,Health Risk Behaviors,No leisure-time physical activity among adults,%,Age-adjusted prevalence,29.5,,,24.4,34.7,"50,121","39,774",37047,RISKBEH,LPA,AgeAdjPrv,Physical Inactivity,POINT (-78.6551028425544 34.2655540076522)
2023,NC,North Carolina,Caswell,BRFSS,Health Risk Behaviors,No leisure-time physical activity among adults,%,Age-adjusted prevalence,26.9,,,22,31.9,"22,807","18,569",37033,RISKBEH,LPA,AgeAdjPrv,Physical Inactivity,POINT (-79.333539673756 36.393167608535)
2023,NC,North Carolina,Halifax,BRFSS,Health Risk Behaviors,No leisure-time physical activity among adults,%,Age-adjusted prevalence,33.1,,,27.8,39,"47,298","37,177",37083,RISKBEH,LPA,AgeAdjPrv,Physical Inactivity,POINT (-77.6516450517141 36.257829844498)
2023,NC,North Carolina,Perquimans,BRFSS,Health Risk Behaviors,No leisure-time physical activity among adults,%,Age-adjusted prevalence,24.6,,,19.7,29.3,"13,377","10,937",37143,RISKBEH,LPA,AgeAdjPrv,Physical Inactivity,POINT (-76.4398245484823 36.2049769828067)
2023,NC,North Carolina,Wayne,BRFSS,Health Risk Behaviors,No leisure-time physical activity among adults,%,Age-adjusted prevalence,27.6,,,22.8,32.5,"118,686","90,368",37191,RISKBEH,LPA,AgeAdjPrv,Physical Inactivity,POINT (-78.0039504800588 35.3637958601789)
2023,NC,North Carolina,Pasquotank,BRFSS,Health Risk Behaviors,No leisure-time physical activity among adults,%,Age-adjusted prevalence,24.4,,,20.6,30.1,"41,444","32,807",37139,RISKBEH,LPA,AgeAdjPrv,Physical Inactivity,POINT (-76.2844399122087 36.2952169111293)
2023,NC,North Carolina,Haywood,BRFSS,Health Risk Behaviors,No leisure-time physical activity among adults,%,Age-adjusted prevalence,21.8,,,17.3,27,"62,969","52,105",37087,RISKBEH,LPA,AgeAdjPrv,Physical Inactivity,POINT (-82.9820402617006 35.5556752243833)
2023,NC,North Carolina,Rutherford,BRFSS,Health Risk Behaviors,No leisure-time physical activity among adults,%,Age-adjusted prevalence,26.8,,,22.1,32,"65,507","52,439",37161,RISKBEH,LPA,AgeAdjPrv,Physical Inactivity,POINT (-81.9203691777493 35.4025792890745)
2023,NC,North Carolina,Franklin,BRFSS,Health Risk Behaviors,No leisure-time physical activity among adults,%,Age-adjusted prevalence,24,,,19.8,28.9,"77,001","60,292",37069,RISKBEH,LPA,AgeAdjPrv,Physical Inactivity,POINT (-78.2855965915324 36.0827093866128)
2023,NC,North Carolina,Richmond,BRFSS,Health Risk Behaviors,No leisure-time physical activity among adults,%,Age-adjusted prevalence,30.9,,,26,36.1,"42,324","32,370",37153,RISKBEH,LPA,AgeAdjPrv,Physical Inactivity,POINT (-79.7480501194479 35.0059731618643)
2023,NC,North Carolina,Edgecombe,BRFSS,Health Risk Behaviors,No leisure-time physical activity among adults,%,Age-adjusted prevalence,31.7,,,26.4,37.4,"48,832","37,653",37065,RISKBEH,LPA,AgeAdjPrv,Physical Inactivity,POINT (-77.5971756410996 35.913040080039)
2023,NC,North Carolina,Polk,BRFSS,Health Risk Behaviors,No leisure-time physical activity among adults,%,Age-adjusted prevalence,21.8,,,17.3,27.1,"20,060","17,006",37149,RISKBEH,LPA,AgeAdjPrv,Physical Inactivity,POINT (-82.170181353608 35.2792484455477)
2023,NC,North Carolina,Northampton,BRFSS,Health Risk Behaviors,No leisure-time physical activity among adults,%,Age-adjusted prevalence,30.2,,,25.1,35.6,"16,715","13,758",37131,RISKBEH,LPA,AgeAdjPrv,Physical Inactivity,POINT (-77.3963332385957 36.4178811426774)
2023,NC,North Carolina,Greene,BRFSS,Health Risk Behaviors,No leisure-time physical activity among adults,%,Age-adjusted prevalence,31.6,,,26.6,37.2,"20,530","16,688",37079,RISKBEH,LPA,AgeAdjPrv,Physical Inactivity,POINT (-77.6758039116837 35.4849054091072)
2023,NC,North Carolina,Yancey,BRFSS,Health Risk Behaviors,No leisure-time physical activity among adults,%,Age-adjusted prevalence,24,,,19.5,29.3,"18,938","15,582",37199,RISKBEH,LPA,AgeAdjPrv,Physical Inactivity,POINT (-82.30769414617 35.8991764909611)
2023,NC,North Carolina,Wilson,BRFSS,Health Risk Behaviors,No leisure-time physical activity among adults,%,Age-adjusted prevalence,30.6,,,25.8,36,"78,970","60,928",37195,RISKBEH,LPA,AgeAdjPrv,Physical Inactivity,POINT (-77.9185488995394 35.7052197078408)
2023,NC,North Carolina,Lincoln,BRFSS,Health Risk Behaviors,No leisure-time physical activity among adults,%,Age-adjusted prevalence,21.5,,,17,26.6,"95,675","76,148",37109,RISKBEH,LPA,AgeAdjPrv,Physical Inactivity,POINT (-81.2240721915513 35.4855553677493)
2023,NC,North Carolina,Pitt,BRFSS,Health Risk Behaviors,No leisure-time physical activity among adults,%,Age-adjusted prevalence,25.9,,,21.2,30.6,"175,119","137,875",37147,RISKBEH,LPA,AgeAdjPrv,Physical Inactivity,POINT (-77.374678818702 35.5934498276118)
2023,NC,North Carolina,Hoke,BRFSS,Health Risk Behaviors,No leisure-time physical activity among adults,%,Age-adjusted prevalence,28.1,,,23.8,32.6,"54,446","39,888",37093,RISKBEH,LPA,AgeAdjPrv,Physical Inactivity,POINT (-79.2373149494308 35.0172991021942)
2023,NC,North Carolina,Washington,BRFSS,Health Risk Behaviors,No leisure-time physical activity among adults,%,Age-adjusted prevalence,32,,,26.9,37.7,"10,713","8,617",37187,RISKBEH,LPA,AgeAdjPrv,Physical Inactivity,POINT (-76.5770084500192 35.8231123664106)
2023,NC,North Carolina,Johnston,BRFSS,Health Risk Behaviors,No leisure-time physical activity among adults,%,Age-adjusted prevalence,23.1,,,18.9,28,"241,955","182,582",37101,RISKBEH,LPA,AgeAdjPrv,Physical Inactivity,POINT (-78.365753932271 35.5179210737528)
2023,NC,North Carolina,Robeson,BRFSS,Health Risk Behaviors,No leisure-time physical activity among adults,%,Age-adjusted prevalence,34.9,,,30.6,39.3,"117,365","86,828",37155,RISKBEH,LPA,AgeAdjPrv,Physical Inactivity,POINT (-79.1037511522453 34.6404234382968)
2023,NC,North Carolina,Nash,BRFSS,Health Risk Behaviors,No leisure-time physical activity among adults,%,Age-adjusted prevalence,27.5,,,22.9,32.6,"96,551","75,392",37127,RISKBEH,LPA,AgeAdjPrv,Physical Inactivity,POINT (-77.9860103790339 35.9677050225842)
2023,NC,North Carolina,Harnett,BRFSS,Health Risk Behaviors,No leisure-time physical activity among adults,%,Age-adjusted prevalence,25.7,,,21.1,30.6,"141,477","105,764",37085,RISKBEH,LPA,AgeAdjPrv,Physical Inactivity,POINT (-78.8699035439401 35.3688284194037)
2023,NC,North Carolina,Henderson,BRFSS,Health Risk Behaviors,No leisure-time physical activity among adults,%,Age-adjusted prevalence,21,,,17.1,25.6,"119,230","97,324",37089,RISKBEH,LPA,AgeAdjPrv,Physical Inactivity,POINT (-82.4800088797413 35.336054724191)
2023,NC,North Carolina,Pender,BRFSS,Health Risk Behaviors,No leisure-time physical activity among adults,%,Age-adjusted prevalence,21,,,16.9,25.5,"68,521","53,105",37141,RISKBEH,LPA,AgeAdjPrv,Physical Inactivity,POINT (-77.9052662106959 34.5249111261759)
2023,NC,North Carolina,Pamlico,BRFSS,Health Risk Behaviors,No leisure-time physical activity among adults,%,Age-adjusted prevalence,23.5,,,19.1,28.8,"12,423","10,683",37137,RISKBEH,LPA,AgeAdjPrv,Physical Inactivity,POINT (-76.7287126546537 35.1471252533281)
2023,NC,North Carolina,Duplin,BRFSS,Health Risk Behaviors,No leisure-time physical activity among adults,%,Age-adjusted prevalence,28.5,,,23.7,33.6,"49,520","37,683",37061,RISKBEH,LPA,AgeAdjPrv,Physical Inactivity,POINT (-77.9328634793398 34.9363853110288)
2023,NC,North Carolina,Hyde,BRFSS,Health Risk Behaviors,No leisure-time physical activity among adults,%,Age-adjusted prevalence,29.4,,,24.1,34.6,"4,607","3,922",37095,RISKBEH,LPA,AgeAdjPrv,Physical Inactivity,POINT (-76.246508754071 35.5192667562167)
2023,NC,North Carolina,Stoke,BRFSS,Health Risk Behaviors,No leisure-time physical activity among adults,%,Age-adjusted prevalence,24.1,,,19.5,29.2,"45,532","37,073",37169,RISKBEH,LPA,AgeAdjPrv,Physical Inactivity,POINT (-80.2396598174591 36.4019024419799)
2023,NC,North Carolina,Montgomery,BRFSS,Health Risk Behaviors,No leisure-time physical activity among adults,%,Age-adjusted prevalence,27.3,,,22.7,32.6,"26,085","20,705",37123,RISKBEH,LPA,AgeAdjPrv,Physical Inactivity,POINT (-79.9051746925854 35.3323223366211)
2023,NC,North Carolina,Union,BRFSS,Health Risk Behaviors,No leisure-time physical activity among adults,%,Age-adjusted prevalence,21.1,,,16.9,25.7,"256,452","191,719",37179,RISKBEH,LPA,AgeAdjPrv,Physical Inactivity,POINT (-80.5307553094627 34.9884050314763)
2023,NC,North Carolina,Lenoir,BRFSS,Health Risk Behaviors,No leisure-time physical activity among adults,%,Age-adjusted prevalence,32.3,,,26.9,37.9,"54,895","42,399",37107,RISKBEH,LPA,AgeAdjPrv,Physical Inactivity,POINT (-77.6409595927808 35.2387324403638)
2023,NC,North Carolina,Hertford,BRFSS,Health Risk Behaviors,No leisure-time physical activity among adults,%,Age-adjusted prevalence,31.6,,,26.3,37.1,"19,453","15,694",37091,RISKBEH,LPA,AgeAdjPrv,Physical Inactivity,POINT (-76.9818607276757 36.3588871196747)
2023,NC,North Carolina,Mitchell,BRFSS,Health Risk Behaviors,No leisure-time physical activity among adults,%,Age-adjusted prevalence,22.7,,,18.2,28,"14,999","12,283",37121,RISKBEH,LPA,AgeAdjPrv,Physical Inactivity,POINT (-82.1631707071333 36.0134689001414)
2023,NC,North Carolina,Rockingham,BRFSS,Health Risk Behaviors,No leisure-time physical activity among adults,%,Age-adjusted prevalence,26.8,,,21.8,32.1,"92,518","73,816",3715@,RISKBEH,LPA,AgeAdjPrv,Physical Inactivity,POINT (-79.7749885459399 36.3960168778977)
2023,NC,North Carolina,Watauga,BRFSS,Health Risk Behaviors,No leisure-time physical activity among adults,%,Age-adjusted prevalence,23,,,18.4,28.2,"54,748","48,121",37189,RISKBEH,LPA,AgeAdjPrv,Physical Inactivity,POINT (-81.6965516146841 36.2310171963868)
2023,NC,North Carolina,Lee,BRFSS,Health Risk Behaviors,No leisure-time physical activity among adults,%,Age-adjusted prevalence,26.5,,,21.6,31.5,"67,059","51,479",37105,RISKBEH,LPA,AgeAdjPrv,Physical Inactivity,POINT (-79.1714912683052 35.4750989187809)
2023,NC,North Carolina,Graham,BRFSS,Health Risk Behaviors,No leisure-time physical activity among adults,%,Age-adjusted prevalence,23.6,,,19,28.6,"8,052","6,517",37075,RISKBEH,LPA,AgeAdjPrv,Physical Inactivity,POINT (-83.8330304431855 35.3499181619087)
2023,NC,North Carolina,Transylvania,BRFSS,Health Risk Behaviors,No leisure-time physical activity among adults,%,Age-adjusted prevalence,19.7,,,15.4,24.5,"33,549","28,383",37175,RISKBEH,LPA,AgeAdjPrv,Physical Inactivity,POINT (-82.7987373770396 35.2014202945151)
2023,NC,North Carolina,Swain,BRFSS,Health Risk Behaviors,No leisure-time physical activity among adults,%,Age-adjusted prevalence,26.5,,,21.8,31.5,"13,916","10,906",37173,RISKBEH,LPA,AgeAdjPrv,Physical Inactivity,POINT (-83.4925803630805 35.4868277405668)
2023,NC,North Carolina,Davie,BRFSS,Health Risk Behaviors,No leisure-time physical activity among adults,%,Age-adjusted prevalence,21.8,,,17.4,26.6,"44,599","35,409",37059,RISKBEH,LPA,AgeAdjPrv,Physical Inactivity,POINT (-80.5445531639191 35.9288732524121)
2023,NC,North Carolina,Rowan,BRFSS,Health Risk Behaviors,No leisure-time physical activity among adults,%,Age-adjusted prevalence,26.4,,,21.6,31.6,"151,661","118,284",37159,RISKBEH,LPA,AgeAdjPrv,Physical Inactivity,POINT (-80.5247968376348 35.639349134151)
2023,NC,North Carolina,Moore,BRFSS,Health Risk Behaviors,No leisure-time physical activity among adults,%,Age-adjusted prevalence,19.2,,,15.6,23.4,"106,898","83,707",37125,RISKBEH,LPA,AgeAdjPrv,Physical Inactivity,POINT (-79.4810833853778 35.3107524292018)
2023,NC,North Carolina,Gates,BRFSS,Health Risk Behaviors,No leisure-time physical activity among adults,%,Age-adjusted prevalence,26.7,,,21.8,31.8,"10,343","8,363",37073,RISKBEH,LPA,AgeAdjPrv,Physical Inactivity,POINT (-76.7006756971434 36.4450179921853)
2023,NC,North Carolina,New Hanover,BRFSS,Health Risk Behaviors,No leisure-time physical activity among adults,%,Age-adjusted prevalence,20.3,,,16.4,24.6,"238,852","197,058",37129,RISKBEH,LPA,AgeAdjPrv,Physical Inactivity,POINT (-77.8842723951621 34.2328162979962)
2023,NC,North Carolina,Stanly,BRFSS,Health Risk Behaviors,No leisure-time physical activity among adults,%,Age-adjusted prevalence,24.2,,,19.6,29.1,"65,699","51,434",37167,RISKBEH,LPA,AgeAdjPrv,Physical Inactivity,POINT (-80.2512803776288 35.311751830322)
2023,NC,North Carolina,McDowell,BRFSS,Health Risk Behaviors,No leisure-time physical activity among adults,%,Age-adjusted prevalence,24.6,,,19.9,29.9,"44,893","36,301",37111,RISKBEH,LPA,AgeAdjPrv,Physical Inactivity,POINT (-82.0487203388744 35.6823599984024)
2023,NC,North Carolina,Madison,BRFSS,Health Risk Behaviors,No leisure-time physical activity among adults,%,Age-adjusted prevalence,21.6,,,16.9,26.5,"22,071","18,349",37115,RISKBEH,LPA,AgeAdjPrv,Physical Inactivity,POINT (-82.7057879444013 35.8579929239928)
2023,NC,North Carolina,Granville,BRFSS,Health Risk Behaviors,No leisure-time physical activity among adults,%,Age-adjusted prevalence,25.4,,,21,30.3,"62,192","49,581",37077,RISKBEH,LPA,AgeAdjPrv,Physical Inactivity,POINT (-78.6528560993089 36.3038620044075)
2023,NC,North Carolina,Vance,BRFSS,Health Risk Behaviors,No leisure-time physical activity among adults,%,Age-adjusted prevalence,30,,,24.7,35.4,"42,301","32,113",37181,RISKBEH,LPA,AgeAdjPrv,Physical Inactivity,POINT (-78.4079704512629 36.3651057008362)
2023,NC,North Carolina,Warren,BRFSS,Health Risk Behaviors,No leisure-time physical activity among adults,%,Age-adjusted prevalence,31,,,25.9,36.5,"18,836","15,503",37185,RISKBEH,LPA,AgeAdjPrv,Physical Inactivity,POINT (-78.1065171313416 36.3966767382286)
2023,NC,North Carolina,Wilkes,BRFSS,Health Risk Behaviors,No leisure-time physical activity among adults,%,Age-adjusted prevalence,25.9,,,20.7,31.1,"66,013","52,999",37193,RISKBEH,LPA,AgeAdjPrv,Physical Inactivity,POINT (-81.1632504740295 36.2059050717718)
2023,NC,North Carolina,Surry,BRFSS,Health Risk Behaviors,No leisure-time physical activity among adults,%,Age-adjusted prevalence,27.1,,,22.4,32.8,"71,462","56,528",37171,RISKBEH,LPA,AgeAdjPrv,Physical Inactivity,POINT (-80.6880595387123 36.4143133430213)
2023,NC,North Carolina,Sampson,BRFSS,Health Risk Behaviors,No leisure-time physical activity among adults,%,Age-adjusted prevalence,29.4,,,24.6,34.7,"59,601","44,966",37163,RISKBEH,LPA,AgeAdjPrv,Physical Inactivity,POINT (-78.3716173368201 34.9921847299645)
2023,NC,North Carolina,Onslow,BRFSS,Health Risk Behaviors,No leisure-time physical activity among adults,%,Age-adjusted prevalence,22.9,,,18.6,27.5,"213,676","160,933",37133,RISKBEH,LPA,AgeAdjPrv,Physical Inactivity,POINT (-77.4275153859824 34.7305699378555)
2023,NC,North Carolina,Durham,BRFSS,Health Risk Behaviors,No leisure-time physical activity among adults,%,Age-adjusted prevalence,21.7,,,17.8,26.2,"336,892","271,458",37063,RISKBEH,LPA,AgeAdjPrv,Physical Inactivity,POINT (-78.8762704368696 36.0359200892271)
2023,NC,North Carolina,Martin,BRFSS,Health Risk Behaviors,No leisure-time physical activity among adults,%,Age-adjusted prevalence,28.6,,,23.6,33.9,"21,447","17,125",37117,RISKBEH,LPA,AgeAdjPrv,Physical Inactivity,POINT (-77.1093472458262 35.8432221253514)
2023,NC,North Carolina,Tyrrell,BRFSS,Health Risk Behaviors,No leisure-time physical activity among adults,%,Age-adjusted prevalence,29.5,,,24.5,35,"3,461","2,772",37177,RISKBEH,LPA,AgeAdjPrv,Physical Inactivity,POINT (-76.2078458813114 35.8180871559222)
2023,NC,North Carolina,Randolph,BRFSS,Health Risk Behaviors,No leisure-time physical activity among adults,%,Age-adjusted prevalence,26.5,,,21.9,31.7,"147,458","114,881",37151,RISKBEH,LPA,AgeAdjPrv,Physical Inactivity,POINT (-79.8059275016308 35.7103579095623)
2023,NC,North Carolina,Gaston,BRFSS,Health Risk Behaviors,No leisure-time physical activity among adults,%,Age-adjusted prevalence,24.4,,,19.8,29.6,"237,242","184,354",37071,RISKBEH,LPA,AgeAdjPrv,Physical Inactivity,POINT (-81.1801972591213 35.2943611535336)
2023,NC,North Carolina,Scotland,BRFSS,Health Risk Behaviors,No leisure-time physical activity among adults,%,Age-adjusted prevalence,32.7,,,27.4,38.2,"34,376","26,528",37165,RISKBEH,LPA,AgeAdjPrv,Physical Inactivity,POINT (-79.4801629069361 34.8409047045285)
2023,NC,North Carolina,Jackson,BRFSS,Health Risk Behaviors,No leisure-time physical activity among adults,%,Age-adjusted prevalence,24.2,,,19.4,29.4,"44,574","37,282",37099,RISKBEH,LPA,AgeAdjPrv,Physical Inactivity,POINT (-83.140690459055 35.2882917929266)
2023,NC,North Carolina,Person,BRFSS,Health Risk Behaviors,No leisure-time physical activity among adults,%,Age-adjusted prevalence,26.5,,,21.8,32.3,"39,737","31,541",37145,RISKBEH,LPA,AgeAdjPrv,Physical Inactivity,POINT (-78.9717598158032 36.3900143908706)
2023,NC,North Carolina,Jones,BRFSS,Health Risk Behaviors,No leisure-time physical activity among adults,%,Age-adjusted prevalence,28.6,,,23.6,33.9,"9,401","7,647",37103,RISKBEH,LPA,AgeAdjPrv,Physical Inactivity,POINT (-77.3548950478113 35.0214417782855)
2023,NC,North Carolina,Yadkin,BRFSS,Health Risk Behaviors,No leisure-time physical activity among adults,%,Age-adjusted prevalence,25.3,,,20.7,30.5,"37,774","30,051",37197,RISKBEH,LPA,AgeAdjPrv,Physical Inactivity,POINT (-80.6651545675768 36.1601990907039)
2023,NC,North Carolina,Guilford,BRFSS,Health Risk Behaviors,No leisure-time physical activity among adults,%,Age-adjusted prevalence,23.5,,,19.4,28.2,"549,866","430,053",37081,RISKBEH,LPA,AgeAdjPrv,Physical Inactivity,POINT (-79.7889017999481 36.079488692501)
2023,NC,North Carolina,Mecklenburg,BRFSS,Health Risk Behaviors,No leisure-time physical activity among adults,%,Age-adjusted prevalence,21.1,,,17.3,24.9,"1,163,701","901,633",37119,RISKBEH,LPA,AgeAdjPrv,Physical Inactivity,POINT (-80.8328001765676 35.2467186870894)
2023,NC,North Carolina,Orange,BRFSS,Health Risk Behaviors,No leisure-time physical activity among adults,%,Age-adjusted prevalence,18.4,,,14.8,22.2,"150,626","122,940",37135,RISKBEH,LPA,AgeAdjPrv,Physical Inactivity,POINT (-79.1206058027686 36.0613413706585)
2023,NC,North Carolina,Iredell,BRFSS,Health Risk Behaviors,No leisure-time physical activity among adults,%,Age-adjusted prevalence,20.7,,,16.7,25.5,"199,710","155,704",37097,RISKBEH,LPA,AgeAdjPrv,Physical Inactivity,POINT (-80.8731910815794 35.8070107330188)
2023,NC,North Carolina,Forsyth,BRFSS,Health Risk Behaviors,No leisure-time physical activity among adults,%,Age-adjusted prevalence,24.5,,,20.1,29.2,"392,921","304,926",37067,RISKBEH,LPA,AgeAdjPrv,Physical Inactivity,POINT (-80.2562678118814 36.1306194708921)
2023,NC,North Carolina,Wake,BRFSS,Health Risk Behaviors,No leisure-time physical activity among adults,%,Age-adjusted prevalence,17.9,,,14.8,21.2,"1,190,275","919,538",37183,RISKBEH,LPA,AgeAdjPrv,Physical Inactivity,POINT (-78.6503446201168 35.7900594036584)
2023,NC,North Carolina,Macon,BRFSS,Health Risk Behaviors,No leisure-time physical activity among adults,%,Age-adjusted prevalence,24.3,,,19.7,29.5,"38,412","31,394",37113,RISKBEH,LPA,AgeAdjPrv,Physical Inactivity,POINT (-83.4217780844555 35.1506263752147)