FID,Acronym,Sq Miles,Acres,River Basin,River Basin Plan,GlobalID
1,BRD,1513.89481223,968892.679825,Broad,https://deq.nc.gov/about/divisions/water-resources/planning/basin-planning/water-resource-plans/broad-river-basin,fd1c69a2-4196-42a4-ab2e-d61aa33a78aa
2,CAT,3285.40514488,2102659.29272,Catawba,https://deq.nc.gov/about/divisions/water-resources/planning/basin-planning/water-resource-plans/catawba-river-basin,7b091362-fdf1-4e6e-83c6-83270a0fbe89
3,CHO,1298.28319112,830901.242319,Chowan,https://deq.nc.gov/about/divisions/water-resources/planning/basin-planning/water-resource-plans/chowan,55574c0c-984b-434a-9a60-8260883b5ce0
4,CPF,9163.59497597,5864700.78462,Cape Fear,https://deq.nc.gov/about/divisions/water-resources/planning/basin-planning/water-resource-plans/cape-fear-2005,1a3fd385-da0f-42c2-805e-ac6a97e4ddd0
5,FBR,2828.80611649,1810435.91456,French Broad,https://deq.nc.gov/about/divisions/water-resources/planning/basin-planning/water-resource-plans/french-broad,f10f4518-f42e-45a1-8a85-df427e47c31c
6,HIW,644.336043284,412375.067702,Hiwassee,https://deq.nc.gov/about/divisions/water-resources/planning/basin-planning/water-resource-plans/hiawasee,35a1be78-73b0-4848-af62-388d9962a21a
7,LBR,3329.3733687,2130798.95597,Lumber,https://deq.nc.gov/about/divisions/water-resources/planning/basin-planning/water-resource-plans/lumber,f2ba7310-13a4-40ce-8527-a3d8bfae29b3
8,LTN,1797.11209082,1150151.73813,Little Tennessee,https://deq.nc.gov/about/divisions/water-resources/planning/basin-planning/water-resource-plans/little-tennessee,92ce164a-2513-4337-9cc5-7fce72077e3f
9,NEU,6062.11857775,3879755.88976,Neuse,https://deq.nc.gov/about/divisions/water-resources/planning/basin-planning/water-resource-plans/neuse-2009,5931fed9-cd96-44f2-8991-cade91350ceb
10,NEW,754.360680098,482790.835263,New,https://deq.nc.gov/about/divisions/water-resources/planning/basin-planning/water-resource-plans/new,67a0fcd4-5026-4257-94cd-7b778b52c7eb
11,PAS,3366.45973076,2154534.22769,Pasquotank,https://deq.nc.gov/about/divisions/water-resources/planning/basin-planning/water-resource-plans/pasquotank,80089b17-9a61-4d2b-a90c-37b71a5a0f2a
12,ROA,3492.85998351,2235430.38944,Roanoke,https://deq.nc.gov/about/divisions/water-resources/planning/basin-planning/water-resource-plans/roanoke,7c6f3f57-93f1-4803-b077-4b41148814e8
13,SAV,171.286462394,109611.031266,Savannah,https://deq.nc.gov/about/divisions/water-resources/planning/basin-planning/water-resource-plans/savannah,5aedc929-976a-4f2a-87a8-3acb5b93810b
14,TAR,6147.57071592,3934445.25819,Tar-Pamlico,https://deq.nc.gov/about/divisions/water-resources/planning/basin-planning/water-resource-plans/tar-pamlico,98e70bf5-e071-4f75-a0f0-2935dac92dd1
15,WAT,204.774468282,131055.659701,Watauga,https://deq.nc.gov/about/divisions/water-resources/planning/basin-planning/water-resource-plans/watauga,d33de00e-6af6-422f-bb2f-0211ca8984be
16,WOK,1381.51993955,884172.761311,White Oak,https://deq.nc.gov/about/divisions/water-resources/planning/basin-planning/water-resource-plans/white-oak,9f471ca8-b26f-4c19-bd93-a4eb357282af
17,YAD,7220.85934557,4621349.98116,Yadkin Pee Dee,https://deq.nc.gov/about/divisions/water-resources/planning/basin-planning/water-resource-plans/yadkin-pee-dee,f9e6c4de-1b40-4800-acac-7424eeeac686
