OBJECTID,County,FIPS,Rec_Survey,NCGS_url,ck_date,Shape__Area,Shape__Length,GlobalID
1,Alamance,001,Recorded survey data is available. Visit North Carolina Geodetic Survey for information. https://ncgs.state.nc.us,https://ncem-gis.maps.arcgis.com/apps/webappviewer/index.html?id=8f3edbd62c004edd8b4fe3640f224738,2025/01/13 00:00:00+00,12107170832.8369,476733.362072835,acd66e2b-e702-4b3a-82c1-eb86e12d3804
2,Alexander,003,Recorded survey data is available. Visit North Carolina Geodetic Survey for information. https://ncgs.state.nc.us,https://ncem-gis.maps.arcgis.com/apps/webappviewer/index.html?id=8f3edbd62c004edd8b4fe3640f224738,2025/01/13 00:00:00+00,7343450074.80359,387342.137291542,6a1dac25-2574-4182-b77b-0074a5482dac
3,Alleghany,005,No recent survey data available, ,2011/11/29 00:00:00+00,6576362290.69714,439166.717184663,d8e726fa-ac7d-4212-a981-6ea0b111cee0
4,Anson,007,No recent survey data available, ,2011/11/29 00:00:00+00,14970199232.7842,575503.754865895,e4518706-732a-4abe-9079-9de6523b4747
5,Ashe,009,Recorded survey data is available. Visit North Carolina Geodetic Survey for information. https://ncgs.state.nc.us,https://ncem-gis.maps.arcgis.com/apps/webappviewer/index.html?id=8f3edbd62c004edd8b4fe3640f224738,2025/01/13 00:00:00+00,11939263960.1869,520084.244332683,6d39c7ea-b7f4-4ac8-be47-65dfe4a46074
6,Avery,011,No recent survey data available, ,2011/11/29 00:00:00+00,6899636777.63202,431595.674739235,ad657a48-8f17-4186-8730-4568cba065d7
7,Beaufort,013,Recorded survey data is available. Visit North Carolina Geodetic Survey for information. https://ncgs.state.nc.us,https://ncem-gis.maps.arcgis.com/apps/webappviewer/index.html?id=8f3edbd62c004edd8b4fe3640f224738,2025/01/13 00:00:00+00,26860140101.8027,889881.130708889,dd7f25b4-06d3-430c-b6cd-3c833b93b76b
8,Bertie,015,No recent survey data available, ,2011/11/29 00:00:00+00,20664988640.7084,829679.156285631,83e9d4b1-2064-412a-8b7d-23e17825b20b
9,Bladen,017,No recent survey data available, ,2011/11/29 00:00:00+00,24741523503.1557,872252.895513739,8ae9988b-5a31-4e2c-892a-b36f17775410
10,Brunswick,019,No recent survey data available, ,2011/11/29 00:00:00+00,24914946243.2074,880126.840866446,e59d6c46-cc74-449d-8852-e5dbea789b43
11,Buncombe,021,No recent survey data available, ,2011/11/29 00:00:00+00,18391145429.71,790738.319015626,f2b89e33-3778-4b71-a7ba-e2f91ddc268b
12,Burke,023,No recent survey data available, ,2020/08/19 00:00:00+00,14337555010.6985,642336.581659988,b0574d6c-d017-464a-8c23-f1fe99dd0d68
13,Cabarrus,025,Recorded survey data is available. Visit North Carolina Geodetic Survey for information. https://ncgs.state.nc.us,https://ncem-gis.maps.arcgis.com/apps/webappviewer/index.html?id=8f3edbd62c004edd8b4fe3640f224738,2025/01/13 00:00:00+00,10145196616.4052,438905.496642804,2e8b53c6-4f3b-4537-9bca-fe88a1838602
14,Caldwell,027,No recent survey data available, ,2011/11/29 00:00:00+00,13229092207.6356,542400.304102018,0e33fa2b-d6f4-4067-b0af-864dc4206743
15,Camden,029,Recorded survey data is available. Visit North Carolina Geodetic Survey for information. https://ncgs.state.nc.us,https://ncem-gis.maps.arcgis.com/apps/webappviewer/index.html?id=8f3edbd62c004edd8b4fe3640f224738,2025/01/13 00:00:00+00,8650639094.14746,680439.732022481,53ca9db2-96d4-4f77-83ee-4e6c72619320
16,Carteret,031,Recorded survey data is available. Visit North Carolina Geodetic Survey for information. https://ncgs.state.nc.us,https://ncem-gis.maps.arcgis.com/apps/webappviewer/index.html?id=8f3edbd62c004edd8b4fe3640f224738,2025/01/13 00:00:00+00,28966572350.1729,1003010.61746066,007f0c5d-e23f-4395-b5e7-aad16347381b
17,Caswell,033,Recorded survey data is available. Visit North Carolina Geodetic Survey for information. https://ncgs.state.nc.us,https://ncem-gis.maps.arcgis.com/apps/webappviewer/index.html?id=8f3edbd62c004edd8b4fe3640f224738,2011/11/29 00:00:00+00,11951717120.0614,437282.092105121,ef3ab893-1fe2-4494-b9fe-28fed8896906
18,Catawba,035,Recorded survey data is available. Visit North Carolina Geodetic Survey for information. https://ncgs.state.nc.us,https://ncem-gis.maps.arcgis.com/apps/webappviewer/index.html?id=8f3edbd62c004edd8b4fe3640f224738,2011/11/29 00:00:00+00,11600644459.7712,492603.051766237,50081e7b-331b-41b7-a5a0-cefe82e665df
19,Chatham,037,Recorded survey data is available. Visit North Carolina Geodetic Survey for information. https://ncgs.state.nc.us,https://ncem-gis.maps.arcgis.com/apps/webappviewer/index.html?id=8f3edbd62c004edd8b4fe3640f224738,2025/01/13 00:00:00+00,19753615623.9381,734539.943998885,b6f8db80-7f2f-4b4f-9840-43eb8192441c
20,Cherokee,039,No recent survey data available, ,2011/11/29 00:00:00+00,13006698079.4588,614863.019621214,50a197c5-c6b3-485c-ba2e-5812308dd15a
21,Chowan,041,No recent survey data available, ,2011/11/29 00:00:00+00,6513382302.91455,438858.651105477,cb9a72b1-decd-4f4f-9a05-6d193b64c1a8
22,Clay,043,No recent survey data available, ,2011/11/29 00:00:00+00,6153362609.045,449623.071326926,99129a7a-62a3-4445-a370-928c6610ae51
23,Cleveland,045,Recorded survey data is available. Visit North Carolina Geodetic Survey for information. https://ncgs.state.nc.us,https://ncem-gis.maps.arcgis.com/apps/webappviewer/index.html?id=8f3edbd62c004edd8b4fe3640f224738,2025/01/13 00:00:00+00,13048770390.5816,517276.972410392,c730cbbc-a6e3-4813-865b-cc627a22f18d
24,Columbus,047,No recent survey data available, ,2011/11/29 00:00:00+00,26624763069.9462,968274.879880265,97e2ca77-860d-439c-9683-cd1b3287e45d
25,Craven,049,Recorded survey data is available. Visit North Carolina Geodetic Survey for information. https://ncgs.state.nc.us,https://ncem-gis.maps.arcgis.com/apps/webappviewer/index.html?id=8f3edbd62c004edd8b4fe3640f224738,2025/01/13 00:00:00+00,21545372537.0031,968408.541124387,5327cffb-fd46-46d3-84a9-5759aa620b9c
26,Cumberland,051,Recorded survey data is available. Visit North Carolina Geodetic Survey for information. https://ncgs.state.nc.us,https://ncem-gis.maps.arcgis.com/apps/webappviewer/index.html?id=8f3edbd62c004edd8b4fe3640f224738,2011/11/29 00:00:00+00,18352591602.4534,717940.273543539,0fcddb67-8ec4-4164-94bd-93222106cedf
27,Currituck,053,Recorded survey data is available. Visit North Carolina Geodetic Survey for information. https://ncgs.state.nc.us,https://ncem-gis.maps.arcgis.com/apps/webappviewer/index.html?id=8f3edbd62c004edd8b4fe3640f224738,2025/01/13 00:00:00+00,12397289020.4402,656420.032297042,a1821d0a-8eb1-48f4-a50f-87cc6554b9a0
28,Dare,055,No recent survey data available, ,2011/11/29 00:00:00+00,34291143995.3107,947582.512144454,fdc8278a-a3d0-4dad-a87a-0e7ccc0998d4
29,Davidson,057,No recent survey data available, ,2026/01/22 00:00:00+00,15816070103.0439,644169.553993712,9c64e79d-6cf4-4cdc-b3e7-bc9390fa6fa2
30,Davie,059,Recorded survey data is available. Visit North Carolina Geodetic Survey for information. https://ncgs.state.nc.us,https://ncem-gis.maps.arcgis.com/apps/webappviewer/index.html?id=8f3edbd62c004edd8b4fe3640f224738,2025/01/13 00:00:00+00,7430140625.74377,480031.620690011,00224493-750b-4496-9b4c-96f16755f617
31,Duplin,061,Recorded survey data is available. Visit North Carolina Geodetic Survey for information. https://ncgs.state.nc.us,https://ncem-gis.maps.arcgis.com/apps/webappviewer/index.html?id=8f3edbd62c004edd8b4fe3640f224738,2025/01/13 00:00:00+00,22861374053.408,673190.908813,e8b27a41-dace-459e-aeca-d33bdcca997b
32,Durham,063,Recorded survey data is available. Visit North Carolina Geodetic Survey for information. https://ncgs.state.nc.us,https://ncem-gis.maps.arcgis.com/apps/webappviewer/index.html?id=8f3edbd62c004edd8b4fe3640f224738,2025/01/13 00:00:00+00,8303354396.46387,430704.884559866,c8b99220-ee9f-4282-90ab-f49cb3fce281
33,Edgecombe,065,No recent survey data available, ,2011/11/29 00:00:00+00,14129036626.4103,592139.86757308,cefc6e9c-af6c-46ac-9a4b-d24935cdc8b1
34,Forsyth,067,Recorded survey data is available. Visit North Carolina Geodetic Survey for information. https://ncgs.state.nc.us,https://ncem-gis.maps.arcgis.com/apps/webappviewer/index.html?id=8f3edbd62c004edd8b4fe3640f224738,2026/01/22 00:00:00+00,11500356502.7363,491894.587253209,69b1f075-a103-466f-90d3-588d3db5a5c7
35,Franklin,069,Recorded survey data is available. Visit North Carolina Geodetic Survey for information. https://ncgs.state.nc.us,https://ncem-gis.maps.arcgis.com/apps/webappviewer/index.html?id=8f3edbd62c004edd8b4fe3640f224738,2025/06/23 00:00:00+00,13787248884.7167,586071.137924596,78d68274-46e0-4549-9e91-3deb4564a3f9
36,Gaston,071,Recorded survey data is available. Visit North Carolina Geodetic Survey for information. https://ncgs.state.nc.us,https://ncem-gis.maps.arcgis.com/apps/webappviewer/index.html?id=8f3edbd62c004edd8b4fe3640f224738,2026/02/26 00:00:00+00,10141017359.7443,496464.067585061,50519780-f252-44f1-85ec-943db1ef8be1
37,Gates,073,No recent survey data available, ,2011/11/29 00:00:00+00,9640705372.43262,444604.369559034,41188bc1-ec49-4293-90fc-dd494b3777f2
38,Graham,075,No recent survey data available, ,2011/11/29 00:00:00+00,8407157625.79721,476642.886354555,d41cba84-bc27-404a-9f6e-3b836dd657a7
39,Granville,077,Recorded survey data is available. Visit North Carolina Geodetic Survey for information. https://ncgs.state.nc.us,https://ncem-gis.maps.arcgis.com/apps/webappviewer/index.html?id=8f3edbd62c004edd8b4fe3640f224738,2025/06/23 00:00:00+00,14988500131.5651,573526.552890129,61a60229-ae08-4034-8030-f6e8f6070e4e
40,Greene,079,Recorded survey data is available. Visit North Carolina Geodetic Survey for information. https://ncgs.state.nc.us,https://ncem-gis.maps.arcgis.com/apps/webappviewer/index.html?id=8f3edbd62c004edd8b4fe3640f224738,2025/01/13 00:00:00+00,7448402232.10559,415403.57606359,6d3744af-4a09-4892-8038-14fa93e27a51
41,Guilford,081,Recorded survey data is available. Visit North Carolina Geodetic Survey for information. https://ncgs.state.nc.us,https://ncem-gis.maps.arcgis.com/apps/webappviewer/index.html?id=8f3edbd62c004edd8b4fe3640f224738,2025/06/23 00:00:00+00,18482778874.284,546990.829544686,ecae87e7-0f2a-41fd-a07d-0e3940cae37e
42,Halifax,083,No recent survey data available, ,2011/11/29 00:00:00+00,20359795428.5969,897018.402802113,ea326d1b-161f-416d-81b4-6dfc0c022555
43,Harnett,085,Recorded survey data is available. Visit North Carolina Geodetic Survey for information. https://ncgs.state.nc.us,https://ncem-gis.maps.arcgis.com/apps/webappviewer/index.html?id=8f3edbd62c004edd8b4fe3640f224738,2025/01/13 00:00:00+00,16774305447.2419,594485.907442906,fce183b9-cd4b-4319-a655-0ae34c39d1cd
44,Haywood,087,Recorded survey data is available. Visit North Carolina Geodetic Survey for information. https://ncgs.state.nc.us,https://ncem-gis.maps.arcgis.com/apps/webappviewer/index.html?id=8f3edbd62c004edd8b4fe3640f224738,2025/01/13 00:00:00+00,15455121818.3744,669791.128424733,d222fa48-3f57-4662-8427-b0a75e4977c5
45,Henderson,089,Recorded survey data is available. Visit North Carolina Geodetic Survey for information. https://ncgs.state.nc.us,https://ncem-gis.maps.arcgis.com/apps/webappviewer/index.html?id=8f3edbd62c004edd8b4fe3640f224738,2011/11/29 00:00:00+00,10457322037.5992,599031.945567937,2bcd320d-cb79-4803-8ccd-5b0401f14f8a
46,Hertford,091,Recorded survey data is available. Visit North Carolina Geodetic Survey for information. https://ncgs.state.nc.us,https://ncem-gis.maps.arcgis.com/apps/webappviewer/index.html?id=8f3edbd62c004edd8b4fe3640f224738,2025/01/13 00:00:00+00,10046719799.5332,588862.810494851,14a61c1f-e7a2-4c5d-b4e1-44ae2fa1cd8f
47,Hoke,093,Recorded survey data is available. Visit North Carolina Geodetic Survey for information. https://ncgs.state.nc.us,https://ncem-gis.maps.arcgis.com/apps/webappviewer/index.html?id=8f3edbd62c004edd8b4fe3640f224738,2011/11/29 00:00:00+00,10916061076.2291,535987.465253371,a8e23dae-b8d7-4735-9d53-5f5e1efcd2ba
48,Hyde,095,No recent survey data available, ,2011/11/29 00:00:00+00,38949259342.8798,1026103.78747176,2ee56c13-324f-4c9b-8b17-78d3fcb6a25b
49,Iredell,097,Recorded survey data is available. Visit North Carolina Geodetic Survey for information. https://ncgs.state.nc.us,https://ncem-gis.maps.arcgis.com/apps/webappviewer/index.html?id=8f3edbd62c004edd8b4fe3640f224738,2025/01/13 00:00:00+00,16651634908.7023,638003.92761482,ce1ec74b-dd5f-4ea4-8c7d-c9df0152cba3
50,Jackson,099,Recorded survey data is available. Visit North Carolina Geodetic Survey for information. https://ncgs.state.nc.us,https://ncem-gis.maps.arcgis.com/apps/webappviewer/index.html?id=8f3edbd62c004edd8b4fe3640f224738,2025/12/11 00:00:00+00,13793438281.1188,652226.114049343,3a6932fc-0481-4ee5-a7e2-fe2e7d9ded60
51,Johnston,101,Recorded survey data is available. Visit North Carolina Geodetic Survey for information. https://ncgs.state.nc.us,https://ncem-gis.maps.arcgis.com/apps/webappviewer/index.html?id=8f3edbd62c004edd8b4fe3640f224738,2025/01/13 00:00:00+00,22177431800.7443,673516.196674647,29fffed5-ae6f-411a-935b-f2f8ffec7c0a
52,Jones,103,Recorded survey data is available. Visit North Carolina Geodetic Survey for information. https://ncgs.state.nc.us,https://ncem-gis.maps.arcgis.com/apps/webappviewer/index.html?id=8f3edbd62c004edd8b4fe3640f224738,2025/01/13 00:00:00+00,13214328871.806,737418.293624859,3cfa1d37-65da-45f5-986b-059ca833a63c
53,Lee,105,Recorded survey data is available. Visit North Carolina Geodetic Survey for information. https://ncgs.state.nc.us,https://ncem-gis.maps.arcgis.com/apps/webappviewer/index.html?id=8f3edbd62c004edd8b4fe3640f224738,2025/01/13 00:00:00+00,7224533710.57812,417762.820791855,1736baf6-ec97-4db8-a924-836cf1a67263
54,Lenoir,107,Recorded survey data is available. Visit North Carolina Geodetic Survey for information. https://ncgs.state.nc.us,https://ncem-gis.maps.arcgis.com/apps/webappviewer/index.html?id=8f3edbd62c004edd8b4fe3640f224738,2025/01/13 00:00:00+00,11174248850.3711,557854.193775981,acaef347-9785-4943-8bec-872c82d2955e
55,Lincoln,109,Recorded survey data is available. Visit North Carolina Geodetic Survey for information. https://ncgs.state.nc.us,https://ncem-gis.maps.arcgis.com/apps/webappviewer/index.html?id=8f3edbd62c004edd8b4fe3640f224738,2026/02/26 00:00:00+00,8492148906.69171,454511.237445606,0729d1ec-4927-42f4-aeb0-37eb291481f1
56,Macon,113,Recorded survey data is available. Visit North Carolina Geodetic Survey for information. https://ncgs.state.nc.us,https://ncem-gis.maps.arcgis.com/apps/webappviewer/index.html?id=8f3edbd62c004edd8b4fe3640f224738,2025/12/11 00:00:00+00,14483298944.9969,660581.368258069,fbd514fa-64f2-4dbb-b1d1-8ef69af1e536
57,Madison,115,No recent survey data available, ,2011/11/29 00:00:00+00,12584845172.5566,660215.912646915,b08e1c35-edb6-4211-8612-f6f1e42e06eb
58,Martin,117,Recorded survey data is available. Visit North Carolina Geodetic Survey for information. https://ncgs.state.nc.us,https://ncem-gis.maps.arcgis.com/apps/webappviewer/index.html?id=8f3edbd62c004edd8b4fe3640f224738,2025/01/13 00:00:00+00,12729962186.6025,740362.296356197,2734cfdb-5349-4ed9-80ad-e3cfc1032ba0
59,McDowell,111,Recorded survey data is available. Visit North Carolina Geodetic Survey for information. https://ncgs.state.nc.us,https://ncem-gis.maps.arcgis.com/apps/webappviewer/index.html?id=8f3edbd62c004edd8b4fe3640f224738,2025/01/13 00:00:00+00,12408848174.8857,587707.153227224,6418dffb-5078-4792-8e6e-1a889285fa7a
60,Mecklenburg,119,Recorded survey data is available. Visit North Carolina Geodetic Survey for information. https://ncgs.state.nc.us,https://ncem-gis.maps.arcgis.com/apps/webappviewer/index.html?id=8f3edbd62c004edd8b4fe3640f224738,2025/01/13 00:00:00+00,15219865923.6393,633972.079957164,e09a014e-5a07-42f6-aa2c-7f512d763242
61,Mitchell,121,Recorded survey data is available. Visit North Carolina Geodetic Survey for information. https://ncgs.state.nc.us,https://ncem-gis.maps.arcgis.com/apps/webappviewer/index.html?id=8f3edbd62c004edd8b4fe3640f224738,2025/01/13 00:00:00+00,6186679624.69336,558289.35618404,e5c58e3e-c060-4035-b733-f21edb6aef7a
62,Montgomery,123,No recent survey data available, ,2011/11/29 00:00:00+00,13971606175.5437,597819.705408004,e798c599-8bf1-4373-80c2-e33ce0df8d04
63,Moore,125,Recorded survey data is available. Visit North Carolina Geodetic Survey for information. https://ncgs.state.nc.us,https://ncem-gis.maps.arcgis.com/apps/webappviewer/index.html?id=8f3edbd62c004edd8b4fe3640f224738,2011/11/29 00:00:00+00,19667956391.1886,762524.818203249,56a571ec-461a-456d-aa5f-60d29b66dfbc
64,Nash,127,No recent survey data available, ,2011/11/29 00:00:00+00,15131475323.7693,621305.473431875,a7dc87f9-8db3-4486-8f0d-fb1371fdd56e
65,New Hanover,129,Recorded survey data is available. Visit North Carolina Geodetic Survey for information. https://ncgs.state.nc.us,https://ncem-gis.maps.arcgis.com/apps/webappviewer/index.html?id=8f3edbd62c004edd8b4fe3640f224738,2025/01/13 00:00:00+00,6141878274.62245,515892.089500246,34424f2f-1447-4276-88be-37ef3f0d2665
66,Northampton,131,Recorded survey data is available. Visit North Carolina Geodetic Survey for information. https://ncgs.state.nc.us,https://ncem-gis.maps.arcgis.com/apps/webappviewer/index.html?id=8f3edbd62c004edd8b4fe3640f224738,2025/01/13 00:00:00+00,15352903079.5156,775914.838590152,11b248f6-f6b1-4e7b-ab4f-a3e174e2744a
67,Onslow,133,Recorded survey data is available. Visit North Carolina Geodetic Survey for information. https://ncgs.state.nc.us,https://ncem-gis.maps.arcgis.com/apps/webappviewer/index.html?id=8f3edbd62c004edd8b4fe3640f224738,2025/01/13 00:00:00+00,22747058927.6715,703807.146679539,80db8525-1cdd-452e-a47d-64f1bc3d1df0
68,Orange,135,Recorded survey data is available. Visit North Carolina Geodetic Survey for information. https://ncgs.state.nc.us,https://ncem-gis.maps.arcgis.com/apps/webappviewer/index.html?id=8f3edbd62c004edd8b4fe3640f224738,2025/01/13 00:00:00+00,11178090316.9941,443413.389007142,38779671-fbe8-4501-bd21-9c87af70b220
69,Pamlico,137,No recent survey data available, ,2011/11/29 00:00:00+00,15632667322.3416,615613.218329787,b8015417-e99f-4f73-b762-7ec8d2ed5bcd
70,Pasquotank,139,No recent survey data available, ,2011/11/29 00:00:00+00,8116743132.8606,542905.150878594,f27831ee-12d8-4404-b2ee-6bc3cf36be14
71,Pender,141,Recorded survey data is available. Visit North Carolina Geodetic Survey for information. https://ncgs.state.nc.us,https://ncem-gis.maps.arcgis.com/apps/webappviewer/index.html?id=8f3edbd62c004edd8b4fe3640f224738,2025/01/13 00:00:00+00,24587973819.122,830567.636672469,e8d4a35c-6364-4ad4-8610-f5a29d21e0d2
72,Perquimans,143,No recent survey data available, ,2011/11/29 00:00:00+00,9170253706.40527,443325.941978405,68e4f188-a79c-4877-8c88-cce40398dd68
73,Person,145,Recorded survey data is available. Visit North Carolina Geodetic Survey for information. https://ncgs.state.nc.us,https://ncem-gis.maps.arcgis.com/apps/webappviewer/index.html?id=8f3edbd62c004edd8b4fe3640f224738,2011/11/29 00:00:00+00,11275173894.2146,425031.96684429,67f91214-2690-4e1d-9f7f-a5e9c698af44
74,Pitt,147,No recent survey data available, ,2011/11/29 00:00:00+00,18271650864.2466,750034.49620284,eee77b72-aeda-4a1d-9d10-99a31a9e27d9
75,Polk,149,Recorded survey data is available. Visit North Carolina Geodetic Survey for information. https://ncgs.state.nc.us,https://ncem-gis.maps.arcgis.com/apps/webappviewer/index.html?id=8f3edbd62c004edd8b4fe3640f224738,2011/11/29 00:00:00+00,6645518384.78598,380536.833987896,44482ad9-2af4-4df8-9bbe-24be96c62c35
76,Randolph,151,No recent survey data available, ,2011/11/29 00:00:00+00,22023859784.0498,593047.357862195,3402df3a-b3fb-4acc-8d55-34a0fe23c22a
77,Richmond,153,Recorded survey data is available. Visit North Carolina Geodetic Survey for information. https://ncgs.state.nc.us,https://ncem-gis.maps.arcgis.com/apps/webappviewer/index.html?id=8f3edbd62c004edd8b4fe3640f224738,2025/01/13 00:00:00+00,13368474653.3472,683174.390789596,90a80b8f-5d10-497a-9d6b-3ef94125354f
78,Robeson,155,Recorded survey data is available. Visit North Carolina Geodetic Survey for information. https://ncgs.state.nc.us,https://ncem-gis.maps.arcgis.com/apps/webappviewer/index.html?id=8f3edbd62c004edd8b4fe3640f224738,2025/01/13 00:00:00+00,26460080778.5495,827047.423689285,3ed24ed8-85b9-45ce-bff8-06a849a7c2f0
79,Rockingham,157,No recent survey data available, ,2011/11/29 00:00:00+00,15821325494.0814,510706.8290402,456214ad-f8a5-4ac8-a717-0947d4b9f75e
80,Rowan,159,Recorded survey data is available. Visit North Carolina Geodetic Survey for information. https://ncgs.state.nc.us,https://ncem-gis.maps.arcgis.com/apps/webappviewer/index.html?id=8f3edbd62c004edd8b4fe3640f224738,2025/01/13 00:00:00+00,14603202641.1062,570306.776043738,b9e02e35-3e75-4040-8acc-c99646ed5aa3
81,Rutherford,161,No recent survey data available, ,2011/11/29 00:00:00+00,15810287981.4963,647841.10555114,2993ba79-e135-4d1e-97b3-04076f924e61
82,Sampson,163,Recorded survey data is available. Visit North Carolina Geodetic Survey for information. https://ncgs.state.nc.us,https://ncem-gis.maps.arcgis.com/apps/webappviewer/index.html?id=8f3edbd62c004edd8b4fe3640f224738,2025/01/13 00:00:00+00,26411685965.7757,951879.539418144,ca98b1ef-0a71-4aca-b59b-a534298ecd14
83,Scotland,165,Recorded survey data is available. Visit North Carolina Geodetic Survey for information. https://ncgs.state.nc.us,https://ncem-gis.maps.arcgis.com/apps/webappviewer/index.html?id=8f3edbd62c004edd8b4fe3640f224738,2025/01/13 00:00:00+00,8938111061.6452,510940.819828408,b6e57023-db21-4c78-8232-df5340b77697
84,Stanly,167,Recorded survey data is available. Visit North Carolina Geodetic Survey for information. https://ncgs.state.nc.us,https://ncem-gis.maps.arcgis.com/apps/webappviewer/index.html?id=8f3edbd62c004edd8b4fe3640f224738,2025/01/13 00:00:00+00,11285018856.2477,547988.377778744,ee922c2b-5992-4145-8e36-dd8b1b590a67
85,Stokes,169,No recent survey data available, ,2011/11/29 00:00:00+00,12708995566.2905,453418.519271755,447c8415-7a2f-4ee4-8bfe-ff607c17b0be
86,Surry,171,No recent survey data available, ,2011/11/29 00:00:00+00,14991263630.3314,575219.788947418,cf881fac-e859-4095-adcd-a2a1ff9be65a
87,Swain,173,No recent survey data available, ,2011/11/29 00:00:00+00,15057499408.8624,851408.001788592,d9c96200-2436-4e35-8558-3521824c5d45
88,Transylvania,175,Recorded survey data is available. Visit North Carolina Geodetic Survey for information. https://ncgs.state.nc.us,https://ncem-gis.maps.arcgis.com/apps/webappviewer/index.html?id=8f3edbd62c004edd8b4fe3640f224738,2025/01/13 00:00:00+00,10600068558.9892,548386.779703928,20c8a2e2-b49f-4cfe-a10a-e13d45976371
89,Tyrrell,177,Recorded survey data is available. Visit North Carolina Geodetic Survey for information. https://ncgs.state.nc.us,https://ncem-gis.maps.arcgis.com/apps/webappviewer/index.html?id=8f3edbd62c004edd8b4fe3640f224738,2025/01/13 00:00:00+00,16716996548.4346,696221.200307283,31a30585-fdcc-4a79-a1b7-7c0a4ee973ae
90,Union,179,Recorded survey data is available. Visit North Carolina Geodetic Survey for information. https://ncgs.state.nc.us,https://ncem-gis.maps.arcgis.com/apps/webappviewer/index.html?id=8f3edbd62c004edd8b4fe3640f224738,2025/01/13 00:00:00+00,17827946645.8756,584449.306507374,37cbfd08-93b9-4fed-a5b5-9f1ec577c69a
91,Vance,181,No recent survey data available, ,2011/11/29 00:00:00+00,7491370572.64893,391987.313342883,910cfa78-a2e9-46f8-aa7c-b839c9ab4ce1
92,Wake,183,Recorded survey data is available. Visit North Carolina Geodetic Survey for information. https://ncgs.state.nc.us,https://ncem-gis.maps.arcgis.com/apps/webappviewer/index.html?id=8f3edbd62c004edd8b4fe3640f224738,2025/01/13 00:00:00+00,23888355723.0505,702032.705903612,ae5eace8-821c-45f8-9668-39da64e69312
93,Warren,185,No recent survey data available, ,2011/11/29 00:00:00+00,12388232140.0918,504861.491496158,8d227b4e-8e9f-494d-b61d-290076082012
94,Washington,187,Recorded survey data is available. Visit North Carolina Geodetic Survey for information. https://ncgs.state.nc.us,https://ncem-gis.maps.arcgis.com/apps/webappviewer/index.html?id=8f3edbd62c004edd8b4fe3640f224738,2025/01/13 00:00:00+00,11645684917.7695,488723.481240756,621dc072-57b9-43ce-b3bb-0faa5b05c7b9
95,Watauga,189,Recorded survey data is available. Visit North Carolina Geodetic Survey for information. https://ncgs.state.nc.us,https://ncem-gis.maps.arcgis.com/apps/webappviewer/index.html?id=8f3edbd62c004edd8b4fe3640f224738,2025/01/13 00:00:00+00,8735447865.51355,444709.714715349,329ef48a-e78b-4acc-b81b-fe1f43ddedc9
96,Wayne,191,Recorded survey data is available. Visit North Carolina Geodetic Survey for information. https://ncgs.state.nc.us,https://ncem-gis.maps.arcgis.com/apps/webappviewer/index.html?id=8f3edbd62c004edd8b4fe3640f224738,2025/01/13 00:00:00+00,15544108319.3094,579779.305792616,d8af9501-60d9-48eb-95b0-fe5d25bfa0c2
97,Wilkes,193,Recorded survey data is available. Visit North Carolina Geodetic Survey for information. https://ncgs.state.nc.us,https://ncem-gis.maps.arcgis.com/apps/webappviewer/index.html?id=8f3edbd62c004edd8b4fe3640f224738,2025/01/13 00:00:00+00,21111515172.6478,718180.039407826,69241b1a-84e3-4fa4-8b2e-197d151c8dbe
98,Wilson,195,Recorded survey data is available. Visit North Carolina Geodetic Survey for information. https://ncgs.state.nc.us,https://ncem-gis.maps.arcgis.com/apps/webappviewer/index.html?id=8f3edbd62c004edd8b4fe3640f224738,2025/01/13 00:00:00+00,10399605976.379,430628.770431808,2b485dcd-086d-441f-9e9c-c33b82b18800
99,Yadkin,197,Recorded survey data is available. Visit North Carolina Geodetic Survey for information. https://ncgs.state.nc.us,https://ncem-gis.maps.arcgis.com/apps/webappviewer/index.html?id=8f3edbd62c004edd8b4fe3640f224738,2025/01/13 00:00:00+00,9415514046.74976,452687.390789817,1434800b-c873-4475-8865-cea54663d8f2
100,Yancey,199,Recorded survey data is available. Visit North Carolina Geodetic Survey for information. https://ncgs.state.nc.us,https://ncem-gis.maps.arcgis.com/apps/webappviewer/index.html?id=8f3edbd62c004edd8b4fe3640f224738,2025/01/13 00:00:00+00,8729856044.74567,540459.653575976,279eb86b-4918-4bf9-956c-72a4919205d7
